{"cameraMode":{"drawMode":0,"name":"Shaded","section":"Shading Mode"},"sceneLighting":true,"audioPlay":false,"sceneViewState":{"m_AlwaysRefresh":false,"showFog":true,"showSkybox":true,"showFlares":true,"showImageEffects":true,"showParticleSystems":true,"showVisualEffectGraphs":true,"m_FxEnabled":true},"in2DMode":false,"pivot":{"x":-0.7632937431335449,"y":3.0833325386047365,"z":0.7546714544296265},"rotation":{"x":0.10422965884208679,"y":-0.5681347846984863,"z":0.07283230870962143,"w":0.8130528926849365},"size":4.30668306350708,"orthographic":false}